<annotation>
	<folder>Cone</folder>
	<filename>WIN_20221106_14_02_30_Pro.jpg</filename>
	<path>C:\Users\npspy\OneDrive\Desktop\Cone\WIN_20221106_14_02_30_Pro.jpg</path>
	<source>
		<database>Unknown</database>
	</source>
	<size>
		<width>1280</width>
		<height>720</height>
		<depth>3</depth>
	</size>
	<segmented>0</segmented>
	<object>
		<name>AnyaSmug</name>
		<pose>Unspecified</pose>
		<truncated>0</truncated>
		<difficult>0</difficult>
		<bndbox>
			<xmin>477</xmin>
			<ymin>155</ymin>
			<xmax>587</xmax>
			<ymax>357</ymax>
		</bndbox>
	</object>
</annotation>
