<annotation>
	<folder>Cone</folder>
	<filename>WIN_20221106_14_03_03_Pro.jpg</filename>
	<path>C:\Users\npspy\OneDrive\Desktop\Cone\WIN_20221106_14_03_03_Pro.jpg</path>
	<source>
		<database>Unknown</database>
	</source>
	<size>
		<width>1280</width>
		<height>720</height>
		<depth>3</depth>
	</size>
	<segmented>0</segmented>
	<object>
		<name>AnyaCry</name>
		<pose>Unspecified</pose>
		<truncated>0</truncated>
		<difficult>0</difficult>
		<bndbox>
			<xmin>403</xmin>
			<ymin>190</ymin>
			<xmax>516</xmax>
			<ymax>419</ymax>
		</bndbox>
	</object>
</annotation>
