<annotation>
	<folder>train</folder>
	<filename>WIN_20221106_14_57_43_Pro.jpg</filename>
	<path>C:\Users\npspy\OneDrive\Desktop\Cone\train\WIN_20221106_14_57_43_Pro.jpg</path>
	<source>
		<database>Unknown</database>
	</source>
	<size>
		<width>1920</width>
		<height>1080</height>
		<depth>3</depth>
	</size>
	<segmented>0</segmented>
	<object>
		<name>anyaCry</name>
		<pose>Unspecified</pose>
		<truncated>0</truncated>
		<difficult>0</difficult>
		<bndbox>
			<xmin>731</xmin>
			<ymin>104</ymin>
			<xmax>1185</xmax>
			<ymax>1011</ymax>
		</bndbox>
	</object>
</annotation>
