<annotation>
	<folder>validate</folder>
	<filename>WIN_20221106_21_03_55_Pro.jpg</filename>
	<path>C:\Users\npspy\OneDrive\Desktop\Cone\validate\WIN_20221106_21_03_55_Pro.jpg</path>
	<source>
		<database>Unknown</database>
	</source>
	<size>
		<width>1280</width>
		<height>720</height>
		<depth>3</depth>
	</size>
	<segmented>0</segmented>
	<object>
		<name>anya</name>
		<pose>Unspecified</pose>
		<truncated>0</truncated>
		<difficult>0</difficult>
		<bndbox>
			<xmin>202</xmin>
			<ymin>57</ymin>
			<xmax>477</xmax>
			<ymax>507</ymax>
		</bndbox>
	</object>
	<object>
		<name>miku</name>
		<pose>Unspecified</pose>
		<truncated>0</truncated>
		<difficult>0</difficult>
		<bndbox>
			<xmin>568</xmin>
			<ymin>154</ymin>
			<xmax>885</xmax>
			<ymax>549</ymax>
		</bndbox>
	</object>
	<object>
		<name>touhou</name>
		<pose>Unspecified</pose>
		<truncated>0</truncated>
		<difficult>0</difficult>
		<bndbox>
			<xmin>939</xmin>
			<ymin>144</ymin>
			<xmax>1268</xmax>
			<ymax>560</ymax>
		</bndbox>
	</object>
</annotation>
