<annotation>
	<folder>train</folder>
	<filename>WIN_20221106_21_00_28_Pro (2).jpg</filename>
	<path>C:\Users\npspy\OneDrive\Desktop\Cone\train\WIN_20221106_21_00_28_Pro (2).jpg</path>
	<source>
		<database>Unknown</database>
	</source>
	<size>
		<width>1920</width>
		<height>1080</height>
		<depth>3</depth>
	</size>
	<segmented>0</segmented>
	<object>
		<name>miku</name>
		<pose>Unspecified</pose>
		<truncated>0</truncated>
		<difficult>0</difficult>
		<bndbox>
			<xmin>6</xmin>
			<ymin>81</ymin>
			<xmax>571</xmax>
			<ymax>915</ymax>
		</bndbox>
	</object>
	<object>
		<name>touhou</name>
		<pose>Unspecified</pose>
		<truncated>0</truncated>
		<difficult>0</difficult>
		<bndbox>
			<xmin>736</xmin>
			<ymin>8</ymin>
			<xmax>1461</xmax>
			<ymax>931</ymax>
		</bndbox>
	</object>
</annotation>
