<annotation>
	<folder>validate</folder>
	<filename>WIN_20221106_21_00_39_Pro.jpg</filename>
	<path>C:\Users\npspy\OneDrive\Desktop\Cone\validate\WIN_20221106_21_00_39_Pro.jpg</path>
	<source>
		<database>Unknown</database>
	</source>
	<size>
		<width>1920</width>
		<height>1080</height>
		<depth>3</depth>
	</size>
	<segmented>0</segmented>
	<object>
		<name>anya</name>
		<pose>Unspecified</pose>
		<truncated>0</truncated>
		<difficult>0</difficult>
		<bndbox>
			<xmin>263</xmin>
			<ymin>153</ymin>
			<xmax>681</xmax>
			<ymax>765</ymax>
		</bndbox>
	</object>
	<object>
		<name>miku</name>
		<pose>Unspecified</pose>
		<truncated>0</truncated>
		<difficult>0</difficult>
		<bndbox>
			<xmin>782</xmin>
			<ymin>339</ymin>
			<xmax>1192</xmax>
			<ymax>843</ymax>
		</bndbox>
	</object>
	<object>
		<name>touhou</name>
		<pose>Unspecified</pose>
		<truncated>0</truncated>
		<difficult>0</difficult>
		<bndbox>
			<xmin>1305</xmin>
			<ymin>249</ymin>
			<xmax>1854</xmax>
			<ymax>905</ymax>
		</bndbox>
	</object>
</annotation>
