<annotation>
	<folder>train</folder>
	<filename>WIN_20221106_21_00_24_Pro (2).jpg</filename>
	<path>C:\Users\npspy\OneDrive\Desktop\Cone\train\WIN_20221106_21_00_24_Pro (2).jpg</path>
	<source>
		<database>Unknown</database>
	</source>
	<size>
		<width>1920</width>
		<height>1080</height>
		<depth>3</depth>
	</size>
	<segmented>0</segmented>
	<object>
		<name>anya</name>
		<pose>Unspecified</pose>
		<truncated>0</truncated>
		<difficult>0</difficult>
		<bndbox>
			<xmin>332</xmin>
			<ymin>91</ymin>
			<xmax>805</xmax>
			<ymax>1051</ymax>
		</bndbox>
	</object>
	<object>
		<name>miku</name>
		<pose>Unspecified</pose>
		<truncated>0</truncated>
		<difficult>0</difficult>
		<bndbox>
			<xmin>1079</xmin>
			<ymin>85</ymin>
			<xmax>1819</xmax>
			<ymax>920</ymax>
		</bndbox>
	</object>
</annotation>
