<annotation>
	<folder>train</folder>
	<filename>WIN_20221106_20_12_59_Pro.jpg</filename>
	<path>C:\Users\npspy\OneDrive\Desktop\Cone\train\WIN_20221106_20_12_59_Pro.jpg</path>
	<source>
		<database>Unknown</database>
	</source>
	<size>
		<width>1920</width>
		<height>1080</height>
		<depth>3</depth>
	</size>
	<segmented>0</segmented>
	<object>
		<name>miku</name>
		<pose>Unspecified</pose>
		<truncated>0</truncated>
		<difficult>0</difficult>
		<bndbox>
			<xmin>786</xmin>
			<ymin>180</ymin>
			<xmax>1173</xmax>
			<ymax>636</ymax>
		</bndbox>
	</object>
</annotation>
