<annotation>
	<folder>train</folder>
	<filename>WIN_20221106_21_00_27_Pro.jpg</filename>
	<path>C:\Users\npspy\OneDrive\Desktop\Cone\train\WIN_20221106_21_00_27_Pro.jpg</path>
	<source>
		<database>Unknown</database>
	</source>
	<size>
		<width>1920</width>
		<height>1080</height>
		<depth>3</depth>
	</size>
	<segmented>0</segmented>
	<object>
		<name>miku</name>
		<pose>Unspecified</pose>
		<truncated>0</truncated>
		<difficult>0</difficult>
		<bndbox>
			<xmin>262</xmin>
			<ymin>165</ymin>
			<xmax>936</xmax>
			<ymax>946</ymax>
		</bndbox>
	</object>
	<object>
		<name>touhou</name>
		<pose>Unspecified</pose>
		<truncated>0</truncated>
		<difficult>0</difficult>
		<bndbox>
			<xmin>1027</xmin>
			<ymin>14</ymin>
			<xmax>1817</xmax>
			<ymax>935</ymax>
		</bndbox>
	</object>
</annotation>
