<annotation>
	<folder>validate</folder>
	<filename>WIN_20221106_21_00_42_Pro.jpg</filename>
	<path>C:\Users\npspy\OneDrive\Desktop\Cone\validate\WIN_20221106_21_00_42_Pro.jpg</path>
	<source>
		<database>Unknown</database>
	</source>
	<size>
		<width>1920</width>
		<height>1080</height>
		<depth>3</depth>
	</size>
	<segmented>0</segmented>
	<object>
		<name>anya</name>
		<pose>Unspecified</pose>
		<truncated>0</truncated>
		<difficult>0</difficult>
		<bndbox>
			<xmin>619</xmin>
			<ymin>330</ymin>
			<xmax>863</xmax>
			<ymax>682</ymax>
		</bndbox>
	</object>
	<object>
		<name>miku</name>
		<pose>Unspecified</pose>
		<truncated>0</truncated>
		<difficult>0</difficult>
		<bndbox>
			<xmin>911</xmin>
			<ymin>453</ymin>
			<xmax>1171</xmax>
			<ymax>755</ymax>
		</bndbox>
	</object>
	<object>
		<name>touhou</name>
		<pose>Unspecified</pose>
		<truncated>0</truncated>
		<difficult>0</difficult>
		<bndbox>
			<xmin>1233</xmin>
			<ymin>415</ymin>
			<xmax>1498</xmax>
			<ymax>791</ymax>
		</bndbox>
	</object>
</annotation>
