<annotation>
	<folder>validate</folder>
	<filename>WIN_20221106_21_00_43_Pro.jpg</filename>
	<path>C:\Users\npspy\OneDrive\Desktop\Cone\validate\WIN_20221106_21_00_43_Pro.jpg</path>
	<source>
		<database>Unknown</database>
	</source>
	<size>
		<width>1920</width>
		<height>1080</height>
		<depth>3</depth>
	</size>
	<segmented>0</segmented>
	<object>
		<name>anya</name>
		<pose>Unspecified</pose>
		<truncated>0</truncated>
		<difficult>0</difficult>
		<bndbox>
			<xmin>569</xmin>
			<ymin>328</ymin>
			<xmax>820</xmax>
			<ymax>685</ymax>
		</bndbox>
	</object>
	<object>
		<name>miku</name>
		<pose>Unspecified</pose>
		<truncated>0</truncated>
		<difficult>0</difficult>
		<bndbox>
			<xmin>885</xmin>
			<ymin>443</ymin>
			<xmax>1125</xmax>
			<ymax>741</ymax>
		</bndbox>
	</object>
	<object>
		<name>touhou</name>
		<pose>Unspecified</pose>
		<truncated>0</truncated>
		<difficult>0</difficult>
		<bndbox>
			<xmin>1198</xmin>
			<ymin>409</ymin>
			<xmax>1475</xmax>
			<ymax>777</ymax>
		</bndbox>
	</object>
</annotation>
