<annotation>
	<folder>validate</folder>
	<filename>WIN_20221106_14_02_29_Pro.jpg</filename>
	<path>C:\Users\npspy\OneDrive\Desktop\Cone\validate\WIN_20221106_14_02_29_Pro.jpg</path>
	<source>
		<database>Unknown</database>
	</source>
	<size>
		<width>1280</width>
		<height>720</height>
		<depth>3</depth>
	</size>
	<segmented>0</segmented>
	<object>
		<name>anyaSmug</name>
		<pose>Unspecified</pose>
		<truncated>0</truncated>
		<difficult>0</difficult>
		<bndbox>
			<xmin>392</xmin>
			<ymin>114</ymin>
			<xmax>509</xmax>
			<ymax>408</ymax>
		</bndbox>
	</object>
</annotation>
