<annotation>
	<folder>train</folder>
	<filename>WIN_20221106_21_00_22_Pro (2).jpg</filename>
	<path>C:\Users\npspy\OneDrive\Desktop\Cone\train\WIN_20221106_21_00_22_Pro (2).jpg</path>
	<source>
		<database>Unknown</database>
	</source>
	<size>
		<width>1920</width>
		<height>1080</height>
		<depth>3</depth>
	</size>
	<segmented>0</segmented>
	<object>
		<name>anya</name>
		<pose>Unspecified</pose>
		<truncated>1</truncated>
		<difficult>0</difficult>
		<bndbox>
			<xmin>909</xmin>
			<ymin>139</ymin>
			<xmax>1332</xmax>
			<ymax>1080</ymax>
		</bndbox>
	</object>
</annotation>
