<annotation>
	<folder>train</folder>
	<filename>WIN_20221106_15_00_59_Pro.jpg</filename>
	<path>C:\Users\npspy\OneDrive\Desktop\Cone\train\WIN_20221106_15_00_59_Pro.jpg</path>
	<source>
		<database>Unknown</database>
	</source>
	<size>
		<width>1920</width>
		<height>1080</height>
		<depth>3</depth>
	</size>
	<segmented>0</segmented>
	<object>
		<name>Chika</name>
		<pose>Unspecified</pose>
		<truncated>0</truncated>
		<difficult>0</difficult>
		<bndbox>
			<xmin>567</xmin>
			<ymin>235</ymin>
			<xmax>1005</xmax>
			<ymax>916</ymax>
		</bndbox>
	</object>
</annotation>
