<annotation>
	<folder>validate</folder>
	<filename>WIN_20221106_21_01_32_Pro.jpg</filename>
	<path>C:\Users\npspy\OneDrive\Desktop\Cone\validate\WIN_20221106_21_01_32_Pro.jpg</path>
	<source>
		<database>Unknown</database>
	</source>
	<size>
		<width>1920</width>
		<height>1080</height>
		<depth>3</depth>
	</size>
	<segmented>0</segmented>
	<object>
		<name>anya</name>
		<pose>Unspecified</pose>
		<truncated>0</truncated>
		<difficult>0</difficult>
		<bndbox>
			<xmin>601</xmin>
			<ymin>157</ymin>
			<xmax>1046</xmax>
			<ymax>832</ymax>
		</bndbox>
	</object>
	<object>
		<name>miku</name>
		<pose>Unspecified</pose>
		<truncated>0</truncated>
		<difficult>0</difficult>
		<bndbox>
			<xmin>1152</xmin>
			<ymin>319</ymin>
			<xmax>1669</xmax>
			<ymax>900</ymax>
		</bndbox>
	</object>
</annotation>
