<annotation>
	<folder>validate</folder>
	<filename>WIN_20221106_14_02_20_Pro.jpg</filename>
	<path>C:\Users\npspy\OneDrive\Desktop\Cone\validate\WIN_20221106_14_02_20_Pro.jpg</path>
	<source>
		<database>Unknown</database>
	</source>
	<size>
		<width>1280</width>
		<height>720</height>
		<depth>3</depth>
	</size>
	<segmented>0</segmented>
	<object>
		<name>anyaSmug</name>
		<pose>Unspecified</pose>
		<truncated>0</truncated>
		<difficult>0</difficult>
		<bndbox>
			<xmin>431</xmin>
			<ymin>110</ymin>
			<xmax>606</xmax>
			<ymax>500</ymax>
		</bndbox>
	</object>
</annotation>
