<annotation>
	<folder>train</folder>
	<filename>WIN_20221106_14_57_51_Pro.jpg</filename>
	<path>C:\Users\npspy\OneDrive\Desktop\Cone\train\WIN_20221106_14_57_51_Pro.jpg</path>
	<source>
		<database>Unknown</database>
	</source>
	<size>
		<width>1920</width>
		<height>1080</height>
		<depth>3</depth>
	</size>
	<segmented>0</segmented>
	<object>
		<name>anyaCry</name>
		<pose>Unspecified</pose>
		<truncated>0</truncated>
		<difficult>0</difficult>
		<bndbox>
			<xmin>840</xmin>
			<ymin>326</ymin>
			<xmax>967</xmax>
			<ymax>599</ymax>
		</bndbox>
	</object>
</annotation>
